,spam
0,This isn’t a scam
1,Earn per week
2,Mail in order form
3,Reverses
4,#1
5,Easy terms
6,Maintained
7,Reverses aging
8,$$$
9,Eliminate bad credit
10,Make $
11,Risk free
12,‘Hidden’ assets
13,Eliminate debt
14,Make money
15,Rolex
16,100% free
17,Email harvest
18,Marketing
19,Round the world
20,100% Satisfied
21,Email marketing
22,Marketing solutions
23,S 1618
24,4U
25,Expect to earn
26,Mass email
27,Safeguard notice
28,50% off
29,Explode your business
30,Medicine
31,Sale
32,Accept credit cards
33,Extra income
34,Medium
35,Sales
36,Acceptance
37,F r e e
38,Meet singles
39,Sample
40,Access
41,Fantastic deal
42,Member
43,Satisfaction
44,Accordingly
45,Fast cash
46,Member stuff
47,Satisfaction guaranteed
48,Act Now
49,Fast Viagra delivery
50,Message contains
51,Save $
52,Act Now!
53,Financial freedom
54,Message contains disclaimer
55,Save big money
56,Act now! Don’t hesitate!
57,Financially independent
58,Million
59,Save up to
60,Ad
61,For free
62,Million dollars
63,Score with babes
64,Additional income
65,For instant access
66,Miracle
67,Search engine listings
68,Addresses on CD
69,For just $ (some amount)
70,MLM
71,Search engines
72,Affordable
73,For just $xxx
74,Money
75,Section 301
76,All natural
77,For Only
78,Money back
79,See for yourself
80,All new
81,For you
82,Money making
83,Sent in compliance
84,Amazing
85,Form
86,Month trial offer
87,Serious cash
88,Amazing stuff
89,Free
90,More Internet Traffic
91,Serious only
92,Apply now
93,Free access
94,Mortgage
95,Shopper
96,Apply Online
97,Free cell phone
98,Mortgage rates
99,Shopping spree
100,As seen on
101,Free consultation
102,Multi level marketing
103,Sign up free today
104,Auto email removal
105,Free consultation
106,Multi-level marketing
107,Social security number
108,Avoid
109,Free DVD
110,Name brand
111,Solution
112,Avoid bankruptcy
113,Free gift
114,Never
115,Special promotion
116,Bargain
117,Free grant money
118,New customers only
119,Stainless steel
120,Be amazed
121,Free hosting
122,New domain extensions
123,Stock alert
124,Be your own boss
125,Free info
126,Nigerian
127,Stock disclaimer statement
128,Being a member
129,Free installation
130,No age restrictions
131,Stock pick
132,Beneficiary
133,Free Instant
134,No catch
135,Stop
136,Best price
137,Free investment
138,No claim forms
139,Stop snoring
140,Beverage
141,Free leads
142,No cost
143,Strong buy
144,Big bucks
145,Free membership
146,No credit check
147,Stuff on sale
148,Bill 1618
149,Free money
150,No disappointment
151,Subject to cash
152,Billing address
153,Free offer
154,No experience
155,Subject to credit
156,Billion
157,Free preview
158,No fees
159,Subscribe
160,Billion dollars
161,Free priority mail
162,No gimmick
163,Success
164,Bonus
165,Free quote
166,No hidden
167,Supplies are limited
168,Brand new pager
169,Free sample
170,No inventory
171,Take action now
172,Bulk email
173,Free trial
174,No investment
175,Talks about hidden charges
176,Buy
177,Free website
178,No medical exams
179,Talks about prizes
180,Buy direct
181,Freedom
182,No middleman
183,Teen
184,Buying judgements
185,Friend
186,No obligation
187,Tells you it’s an ad
188,Buying judgments
189,Full refund
190,No purchase necessary
191,Terms and conditions
192,Cable converter
193,Get
194,No questions asked
195,The best rates
196,Call
197,Get it now
198,No selling
199,The following form
200,Call free
201,Get out of debt
202,No strings attached
203,They keep your money – no refund
204,Call now
205,Get paid
206,No-obligation
207,They’re just giving it away
208,Calling creditors
209,Get started now
210,Not intended
211,This isn’t junk
212,Cancel at any time
213,Gift certificate
214,Notspam
215,This isn’t spam
216,Cannot be combined with any other offer
217,Give it away
218,Now
219,This won’t last
220,Can’t live without
221,Giving away
222,Now only
223,Thousands
224,Cards accepted
225,Great offer
226,Obligation
227,Time limited
228,Cash
229,Guarantee
230,Off shore
231,Trial
232,Cash bonus
233,Guaranteed
234,Offer
235,Undisclosed recipient
236,Cashcashcash
237,Have you been turned down?
238,Offer expires
239,University diplomas
240,Casino
241,Hello
242,Once in lifetime
243,Unlimited
244,Celebrity
245,Here
246,One hundred percent free
247,Unsecured credit
248,Cell phone cancer scam
249,Hidden
250,One hundred percent guaranteed
251,Unsecured credit/debt
252,Cents on the dollar
253,Hidden assets
254,One time
255,Unsecured debt
256,Certified
257,Hidden charges
258,One time mailing
259,Unsolicited
260,Chance
261,Home
262,Online biz opportunity
263,Unsubscribe
264,Cheap
265,Home based
266,Online degree
267,Urgent
268,Check
269,Home employment
270,Online marketing
271,US dollars
272,Check or money order
273,Homebased business
274,Online pharmacy
275,Vacation
276,Claims
277,Human growth hormone
278,Only
279,Vacation offers
280,Claims not to be selling anything
281,If only it were that easy
282,Only $
283,Valium
284,Claims to be in accordance with some spam law
285,Important information regarding
286,Open
287,Viagra
288,Claims to be legal
289,In accordance with laws
290,Opportunity
291,Viagra and other drugs
292,Clearance
293,Income
294,Opt in
295,Vicodin
296,Click
297,Income from home
298,Order
299,Visit our website
300,Click below
301,Increase sales
302,Order now
303,Wants credit card
304,Click here
305,Increase traffic
306,Order shipped by
307,Warranty
308,Click to remove
309,Increase your sales
310,Order status
311,We hate spam
312,Collect
313,Incredible deal
314,Order today
315,We honor all
316,Collect child support
317,Info you requested
318,Orders shipped by
319,Web traffic
320,Compare
321,Information you requested
322,Outstanding values
323,Weekend getaway
324,Compare rates
325,Instant
326,Passwords
327,Weight loss
328,Compete for your business
329,Insurance
330,Pennies a day
331,What are you waiting for?
332,Confidentially on all orders
333,Internet market
334,Per day
335,While supplies last
336,Congratulations
337,Internet marketing
338,Per week
339,While you sleep
340,Consolidate debt and credit
341,Investment
342,Performance
343,Who really wins?
344,Consolidate your debt
345,Investment decision
346,Phone
347,Why pay more?
348,Copy accurately
349,It’s effective
350,Please read
351,Wife
352,Copy DVDs
353,It’s effective
354,Potential earnings
355,Will not believe your eyes
356,Cost
357,Join millions
358,Pre-approved
359,Win
360,Costs
361,Join millions of Americans
362,Price
363,Winner
364,Credit
365,Laser printer
366,Prices
367,Winner
368,Credit bureaus
369,Leave
370,Print form signature
371,Winning
372,Credit card offers
373,Legal
374,Print out and fax
375,Won
376,Cures baldness
377,Life
378,Priority mail
379,Work at home
380,Deal
381,Life Insurance
382,Prize
383,Work from home
384,Dear [email/friend/somebody]
385,Lifetime
386,Prizes
387,Xanax
388,Diagnostics
389,limited time
390,Problem
391,You are a winner!
392,Dig up dirt on friends
393,Limited time offer
394,Produced and sent out
395,You have been selected
396,Direct email
397,Limited time only
398,Profits
399,You’re a Winner!
400,Direct marketing
401,Loans
402,Promise you
403,Your income
404,Discount
405,Long distance phone offer
406,Pure Profits
407,You’re a Winner!
408,Do it today
409,Lose
410,Quote
411,
412,Don’t delete
413,Lose weight
414,Quotes
415,
416,Don’t hesitate
417,Lose weight spam
418,Real thing
419,
420,Dormant
421,Lower interest rate
422,Refinance
423,
424,Double your
425,Lower interest rates
426,Refinance home
427,
428,Double your income
429,Lower monthly payment
430,Refinanced home
431,
432,Drastically reduced
433,Lower your mortgage rate
434,Removal instructions
435,
436,Earn
437,Lowest insurance rates
438,Remove
439,
440,Earn $
441,Lowest Price
442,Removes wrinkles
443,
444,Earn extra cash
445,Luxury car
446,Reserves the right
447,
